{"cameraMode":{"drawMode":0,"name":"Shaded","section":"Shading Mode"},"sceneLighting":true,"audioPlay":false,"sceneViewState":{"m_AlwaysRefresh":false,"showFog":true,"showSkybox":true,"showFlares":true,"showImageEffects":true,"showParticleSystems":true,"showVisualEffectGraphs":true,"m_FxEnabled":true},"in2DMode":false,"pivot":{"x":64.04267120361328,"y":-11.929994583129883,"z":42.829105377197269},"rotation":{"x":0.07255428284406662,"y":0.44070690870285036,"z":-0.036428119987249377,"w":0.893458366394043},"size":43.59028625488281,"orthographic":false}